{
  "fc1.weight": [
    [
      0.03722323104739189
    ],
    [
      -0.6091126203536987
    ],
    [
      0.6951807737350464
    ],
    [
      0.38810232281684875
    ],
    [
      -0.5267189145088196
    ],
    [
      -0.4392780065536499
    ],
    [
      -0.3778190016746521
    ],
    [
      -0.6381455659866333
    ],
    [
      -0.20792019367218018
    ],
    [
      0.4787355959415436
    ],
    [
      -0.7350741624832153
    ],
    [
      -0.6291873455047607
    ],
    [
      -0.9085890054702759
    ],
    [
      -0.557468056678772
    ],
    [
      0.4599003791809082
    ],
    [
      0.12282057106494904
    ]
  ],
  "fc1.bias": [
    -0.1360798329114914,
    -0.9638658761978149,
    -0.005588693544268608,
    0.43199172616004944,
    0.6335371136665344,
    -0.8866291046142578,
    0.4531494677066803,
    -0.2110058069229126,
    0.6935061812400818,
    0.8737430572509766,
    -0.7587562799453735,
    0.5876296162605286,
    -0.5770429372787476,
    -0.3135251998901367,
    -0.9178403615951538,
    0.17112837731838226
  ],
  "fc2.weight": [
    [
      0.3208067715167999,
      0.17309486865997314,
      0.14010441303253174,
      0.10577084124088287,
      -0.0886763334274292,
      -0.12841829657554626,
      -0.3374636769294739,
      -0.06891098618507385,
      -0.07747054845094681,
      0.203342005610466,
      -0.0436730682849884,
      -0.41083046793937683,
      0.12127307057380676,
      -0.17617067694664001,
      0.15571695566177368,
      -0.06079322472214699
    ],
    [
      0.06599601358175278,
      0.06481945514678955,
      0.013646495528519154,
      -0.04114735126495361,
      -0.1529838740825653,
      -0.14417633414268494,
      0.16523894667625427,
      0.17759999632835388,
      -0.32151690125465393,
      -0.287127286195755,
      0.07385209202766418,
      0.1300206184387207,
      0.1268465518951416,
      -0.14056667685508728,
      0.017102360725402832,
      0.1548713594675064
    ],
    [
      -0.10021398216485977,
      -0.21830886602401733,
      -0.20913845300674438,
      -0.2858506441116333,
      -0.18466845154762268,
      -0.19538640975952148,
      -0.15801601111888885,
      0.07147365808486938,
      0.10256458818912506,
      0.1634811908006668,
      -0.10494908690452576,
      0.05175209417939186,
      0.0011068284511566162,
      -0.18033790588378906,
      -0.1643328070640564,
      -0.1350877732038498
    ],
    [
      -0.17966610193252563,
      0.1487235724925995,
      0.1986539363861084,
      -0.24236002564430237,
      -0.12903979420661926,
      -0.12360602617263794,
      -0.1524495780467987,
      0.22539448738098145,
      0.004123985767364502,
      -0.017330706119537354,
      0.11306273937225342,
      0.18014982342720032,
      -0.0961621105670929,
      0.15779292583465576,
      -0.13583841919898987,
      0.23376742005348206
    ],
    [
      -0.014908522367477417,
      -0.1000327467918396,
      -0.19978556036949158,
      0.1526852250099182,
      -0.1888800859451294,
      0.143589586019516,
      -0.14392253756523132,
      -0.2236216962337494,
      0.04608428478240967,
      0.04474937915802002,
      0.04758825898170471,
      -0.046042174100875854,
      0.12988045811653137,
      -0.169499009847641,
      0.18852785229682922,
      -0.04605942964553833
    ],
    [
      0.11418269574642181,
      -0.13429704308509827,
      -0.09103751182556152,
      0.07772494852542877,
      0.10585302859544754,
      0.1619592308998108,
      0.09860649704933167,
      -0.20590740442276,
      -0.13449212908744812,
      0.06546684354543686,
      0.19180607795715332,
      0.6839288473129272,
      -0.1534641683101654,
      0.17263740301132202,
      -0.018282175064086914,
      0.0768033117055893
    ],
    [
      -0.042583536356687546,
      0.1588098704814911,
      0.3247363567352295,
      0.22911347448825836,
      -0.36858826875686646,
      0.24813520908355713,
      -0.06462550163269043,
      -0.002020597457885742,
      0.007659214083105326,
      0.2452620565891266,
      -0.225875586271286,
      -0.5626271963119507,
      0.16554933786392212,
      0.18747088313102722,
      -0.2367306351661682,
      0.08461499214172363
    ],
    [
      -0.07759284973144531,
      -0.22767549753189087,
      -0.0361199676990509,
      -0.17391663789749146,
      -0.2263760268688202,
      0.1918962597846985,
      0.2243359386920929,
      -0.04209250211715698,
      0.15260568261146545,
      -0.20270833373069763,
      0.1436232030391693,
      0.10387197136878967,
      -0.23842108249664307,
      0.2386438548564911,
      -0.17601224780082703,
      -0.09839686751365662
    ],
    [
      0.19810062646865845,
      0.24095600843429565,
      -0.08098176121711731,
      -0.200877845287323,
      -0.20548850297927856,
      0.13023218512535095,
      0.0008777081966400146,
      0.12881305813789368,
      -0.1620153784751892,
      0.003859221935272217,
      -0.06969583034515381,
      0.13480046391487122,
      -0.15497231483459473,
      -0.025386929512023926,
      -0.1419362723827362,
      -0.2059164047241211
    ],
    [
      -0.07333897054195404,
      0.16237908601760864,
      0.11956362426280975,
      0.24774529039859772,
      -0.3256111145019531,
      -0.22265896201133728,
      -0.19355018436908722,
      0.1385582983493805,
      -0.057917673140764236,
      -0.045880865305662155,
      -0.22107228636741638,
      -0.7713793516159058,
      0.21727308630943298,
      -0.018887221813201904,
      0.24405813217163086,
      0.26698610186576843
    ],
    [
      -0.15361155569553375,
      -0.17671677470207214,
      0.07991998642683029,
      -0.25446853041648865,
      -0.11710446327924728,
      -0.0061543285846710205,
      0.0009516477584838867,
      0.22935041785240173,
      -0.10158608108758926,
      0.06868381798267365,
      -0.11576330661773682,
      0.10990342497825623,
      -0.17748042941093445,
      -0.16044899821281433,
      -0.19314956665039062,
      -0.06892114877700806
    ],
    [
      0.08402234315872192,
      0.101483553647995,
      -0.051763951778411865,
      -0.009746161289513111,
      0.12626948952674866,
      -0.1476614773273468,
      0.02300930954515934,
      0.18117815256118774,
      -0.08004454523324966,
      -0.21506701409816742,
      0.24032500386238098,
      0.07799927890300751,
      0.16285738348960876,
      -0.17451360821723938,
      -0.24880725145339966,
      -0.27847835421562195
    ],
    [
      0.07195240259170532,
      0.08650904893875122,
      0.13436734676361084,
      -0.1169576570391655,
      0.4306166470050812,
      0.13867491483688354,
      0.41685429215431213,
      -0.008359014987945557,
      -0.11677531898021698,
      -0.06013263016939163,
      0.10215038061141968,
      0.5365137457847595,
      -0.23990193009376526,
      -0.09878122806549072,
      -0.1838720440864563,
      -0.24857693910598755
    ],
    [
      -0.03627422824501991,
      0.0786394476890564,
      -0.18942804634571075,
      -0.18117265403270721,
      -0.29420292377471924,
      -0.14618250727653503,
      -0.2895886301994324,
      0.02212071418762207,
      -0.06860247999429703,
      0.015226547606289387,
      -0.09338584542274475,
      0.06926697492599487,
      -0.23897048830986023,
      0.16789510846138,
      -0.11017516255378723,
      0.09870633482933044
    ],
    [
      -0.16358596086502075,
      -0.0693943202495575,
      0.07397086918354034,
      -0.10040377080440521,
      0.06991308927536011,
      0.1176159679889679,
      -0.06544075906276703,
      0.1303488314151764,
      -0.17558073997497559,
      0.12378986179828644,
      0.1849530041217804,
      -0.07608363032341003,
      0.238273024559021,
      0.17960712313652039,
      -0.17780789732933044,
      0.09402024000883102
    ],
    [
      0.1029619351029396,
      0.24864885210990906,
      -0.03726796433329582,
      0.009539994411170483,
      0.07040124386548996,
      0.1937083899974823,
